Node,Terminal,Period,GasScenario,Cost_(EUR/ton)
NO2,DomesticProduction,1,1,230.47166555292696
NO2,DomesticProduction,2,1,235.21454355859802
NO2,DomesticProduction,3,1,239.95742156426897
NO2,DomesticProduction,1,2,424.04549922966817
NO2,DomesticProduction,2,2,428.7883772353392
NO2,DomesticProduction,3,2,433.5312552410102
NO5,DomesticProduction,1,1,230.47166555292696
NO5,DomesticProduction,2,1,235.21454355859802
NO5,DomesticProduction,3,1,239.95742156426897
NO5,DomesticProduction,1,2,424.04549922966817
NO5,DomesticProduction,2,2,428.7883772353392
NO5,DomesticProduction,3,2,433.5312552410102
NO3,DomesticProduction,1,1,230.47166555292696
NO3,DomesticProduction,2,1,235.21454355859802
NO3,DomesticProduction,3,1,239.95742156426897
NO3,DomesticProduction,1,2,424.04549922966817
NO3,DomesticProduction,2,2,428.7883772353392
NO3,DomesticProduction,3,2,433.5312552410102
GreatBrit.,DomesticProduction,1,1,230.47166555292696
GreatBrit.,DomesticProduction,2,1,235.21454355859802
GreatBrit.,DomesticProduction,3,1,239.95742156426897
GreatBrit.,DomesticProduction,1,2,424.04549922966817
GreatBrit.,DomesticProduction,2,2,428.7883772353392
GreatBrit.,DomesticProduction,3,2,433.5312552410102
GreatBrit.,LNGImport,1,1,230.47166555292696
GreatBrit.,LNGImport,2,1,235.21454355859802
GreatBrit.,LNGImport,3,1,239.95742156426897
GreatBrit.,LNGImport,1,2,424.04549922966817
GreatBrit.,LNGImport,2,2,428.7883772353392
GreatBrit.,LNGImport,3,2,433.5312552410102
Italy,LNGImport,1,1,230.47166555292696
Italy,LNGImport,2,1,235.21454355859802
Italy,LNGImport,3,1,239.95742156426897
Italy,LNGImport,1,2,424.04549922966817
Italy,LNGImport,2,2,428.7883772353392
Italy,LNGImport,3,2,433.5312552410102
Italy,PipelineImport,1,1,230.47166555292696
Italy,PipelineImport,2,1,235.21454355859802
Italy,PipelineImport,3,1,239.95742156426897
Italy,PipelineImport,1,2,424.04549922966817
Italy,PipelineImport,2,2,428.7883772353392
Italy,PipelineImport,3,2,433.5312552410102
Belgium,LNGImport,1,1,230.47166555292696
Belgium,LNGImport,2,1,235.21454355859802
Belgium,LNGImport,3,1,239.95742156426897
Belgium,LNGImport,1,2,424.04549922966817
Belgium,LNGImport,2,2,428.7883772353392
Belgium,LNGImport,3,2,433.5312552410102
France,LNGImport,1,1,230.47166555292696
France,LNGImport,2,1,235.21454355859802
France,LNGImport,3,1,239.95742156426897
France,LNGImport,1,2,424.04549922966817
France,LNGImport,2,2,428.7883772353392
France,LNGImport,3,2,433.5312552410102
Lithuania,LNGImport,1,1,230.47166555292696
Lithuania,LNGImport,2,1,235.21454355859802
Lithuania,LNGImport,3,1,239.95742156426897
Lithuania,LNGImport,1,2,424.04549922966817
Lithuania,LNGImport,2,2,428.7883772353392
Lithuania,LNGImport,3,2,433.5312552410102
Netherlands,LNGImport,1,1,230.47166555292696
Netherlands,LNGImport,2,1,235.21454355859802
Netherlands,LNGImport,3,1,239.95742156426897
Netherlands,LNGImport,1,2,424.04549922966817
Netherlands,LNGImport,2,2,428.7883772353392
Netherlands,LNGImport,3,2,433.5312552410102
Poland,LNGImport,1,1,230.47166555292696
Poland,LNGImport,2,1,235.21454355859802
Poland,LNGImport,3,1,239.95742156426897
Poland,LNGImport,1,2,424.04549922966817
Poland,LNGImport,2,2,428.7883772353392
Poland,LNGImport,3,2,433.5312552410102
Germany,RussianGas,1,1,230.47166555292696
Germany,RussianGas,2,1,235.21454355859802
Germany,RussianGas,3,1,239.95742156426897
Germany,RussianGas,1,2,424.04549922966817
Germany,RussianGas,2,2,428.7883772353392
Germany,RussianGas,3,2,433.5312552410102
Lithuania,RussianGas,1,1,230.47166555292696
Lithuania,RussianGas,2,1,235.21454355859802
Lithuania,RussianGas,3,1,239.95742156426897
Lithuania,RussianGas,1,2,424.04549922966817
Lithuania,RussianGas,2,2,428.7883772353392
Lithuania,RussianGas,3,2,433.5312552410102
Poland,RussianGas,1,1,230.47166555292696
Poland,RussianGas,2,1,235.21454355859802
Poland,RussianGas,3,1,239.95742156426897
Poland,RussianGas,1,2,424.04549922966817
Poland,RussianGas,2,2,428.7883772353392
Poland,RussianGas,3,2,433.5312552410102
Slovakia,RussianGas,1,1,230.47166555292696
Slovakia,RussianGas,2,1,235.21454355859802
Slovakia,RussianGas,3,1,239.95742156426897
Slovakia,RussianGas,1,2,424.04549922966817
Slovakia,RussianGas,2,2,428.7883772353392
Slovakia,RussianGas,3,2,433.5312552410102
Germany,LNGImport,1,1,230.47166555292696
Germany,LNGImport,2,1,235.21454355859802
Germany,LNGImport,3,1,239.95742156426897
Germany,LNGImport,1,2,424.04549922966817
Germany,LNGImport,2,2,428.7883772353392
Germany,LNGImport,3,2,433.5312552410102
Estonia,LNGImport,1,1,230.47166555292696
Estonia,LNGImport,2,1,235.21454355859802
Estonia,LNGImport,3,1,239.95742156426897
Estonia,LNGImport,1,2,424.04549922966817
Estonia,LNGImport,2,2,428.7883772353392
Estonia,LNGImport,3,2,433.5312552410102
Finland,LNGImport,1,1,230.47166555292696
Finland,LNGImport,2,1,235.21454355859802
Finland,LNGImport,3,1,239.95742156426897
Finland,LNGImport,1,2,424.04549922966817
Finland,LNGImport,2,2,428.7883772353392
Finland,LNGImport,3,2,433.5312552410102
Ireland,LNGImport,1,1,230.47166555292696
Ireland,LNGImport,2,1,235.21454355859802
Ireland,LNGImport,3,1,239.95742156426897
Ireland,LNGImport,1,2,424.04549922966817
Ireland,LNGImport,2,2,428.7883772353392
Ireland,LNGImport,3,2,433.5312552410102
Latvia,LNGImport,1,1,230.47166555292696
Latvia,LNGImport,2,1,235.21454355859802
Latvia,LNGImport,3,1,239.95742156426897
Latvia,LNGImport,1,2,424.04549922966817
Latvia,LNGImport,2,2,428.7883772353392
Latvia,LNGImport,3,2,433.5312552410102
Spain,LNGImport,1,1,230.47166555292696
Spain,LNGImport,2,1,235.21454355859802
Spain,LNGImport,3,1,239.95742156426897
Spain,LNGImport,1,2,424.04549922966817
Spain,LNGImport,2,2,428.7883772353392
Spain,LNGImport,3,2,433.5312552410102
Spain,PipelineImport,1,1,230.47166555292696
Spain,PipelineImport,2,1,235.21454355859802
Spain,PipelineImport,3,1,239.95742156426897
Spain,PipelineImport,1,2,424.04549922966817
Spain,PipelineImport,2,2,428.7883772353392
Spain,PipelineImport,3,2,433.5312552410102
Portugal,LNGImport,1,1,230.47166555292696
Portugal,LNGImport,2,1,235.21454355859802
Portugal,LNGImport,3,1,239.95742156426897
Portugal,LNGImport,1,2,424.04549922966817
Portugal,LNGImport,2,2,428.7883772353392
Portugal,LNGImport,3,2,433.5312552410102
Croatia,LNGImport,1,1,230.47166555292696
Croatia,LNGImport,2,1,235.21454355859802
Croatia,LNGImport,3,1,239.95742156426897
Croatia,LNGImport,1,2,424.04549922966817
Croatia,LNGImport,2,2,428.7883772353392
Croatia,LNGImport,3,2,433.5312552410102
Romania,RussianGas,1,1,230.47166555292696
Romania,RussianGas,2,1,235.21454355859802
Romania,RussianGas,3,1,239.95742156426897
Romania,RussianGas,1,2,424.04549922966817
Romania,RussianGas,2,2,428.7883772353392
Romania,RussianGas,3,2,433.5312552410102
Greece,LNGImport,1,1,230.47166555292696
Greece,LNGImport,2,1,235.21454355859802
Greece,LNGImport,3,1,239.95742156426897
Greece,LNGImport,1,2,424.04549922966817
Greece,LNGImport,2,2,428.7883772353392
Greece,LNGImport,3,2,433.5312552410102
Hungary,RussianGas,1,1,230.47166555292696
Hungary,RussianGas,2,1,235.21454355859802
Hungary,RussianGas,3,1,239.95742156426897
Hungary,RussianGas,1,2,424.04549922966817
Hungary,RussianGas,2,2,428.7883772353392
Hungary,RussianGas,3,2,433.5312552410102
Bulgaria,RussianGas,1,1,230.47166555292696
Bulgaria,RussianGas,2,1,235.21454355859802
Bulgaria,RussianGas,3,1,239.95742156426897
Bulgaria,RussianGas,1,2,424.04549922966817
Bulgaria,RussianGas,2,2,428.7883772353392
Bulgaria,RussianGas,3,2,433.5312552410102
